{ "data": [[-8.60000E+01, -5.20000E+01]], "labels": [ 0.00000E+00] }
