{ "data": [[-8.60000E+01, -5.20000E+01]], "labels": [ 0], "predictions": [[ 2.50000E-01,  2.50000E-01,  2.50000E-01,  2.50000E-01]] }
