{ "data": [[-9.65926E+01,  2.58819E+01]], "labels": [ 1], "predictions": [[ 2.14542E-02,  3.62226E-02,  1.03257E-01,  8.39066E-01]], "outputs": [[ 2.48751E-01,  2.49204E-01,  2.50111E-01,  2.51935E-01]] }
